{
    "report": {
        "0": {
            "precision": 0.9816472694717995,
            "recall": 0.9652288732394366,
            "f1-score": 0.9733688415446071,
            "support": 2272
        },
        "1": {
            "precision": 0.9910780669144982,
            "recall": 0.9666424945612763,
            "f1-score": 0.9787077826725403,
            "support": 1379
        },
        "2": {
            "precision": 0.9269261318506752,
            "recall": 0.983150800336984,
            "f1-score": 0.9542109566639412,
            "support": 1187
        },
        "accuracy": 0.9700289375775114,
        "macro avg": {
            "precision": 0.9665504894123242,
            "recall": 0.9716740560458991,
            "f1-score": 0.9687625269603629,
            "support": 4838
        },
        "weighted avg": {
            "precision": 0.970909584336869,
            "recall": 0.9700289375775114,
            "f1-score": 0.9701902533805039,
            "support": 4838
        }
    },
    "confusion_matrix": [
        [
            2193,
            0,
            79
        ],
        [
            33,
            1333,
            13
        ],
        [
            8,
            12,
            1167
        ]
    ]
}